anon_ID,visit_simple,gene_name,genomicchange,amino_acid_change,effect,functional_class,lib_allelic_ratio
10373d42,C1D1,TET2,g.chr4:106180926GGTTT>G,NS & NS,SPLICE_SITE_REGION & INTRON,NS,0.0106716886377903
48dd1e80,C1D1,TET2,g.chr4:106164936GT>G,NS,INTRON,NS,0.0166865315852205
e3d38206,SCREENING,DNMT3A,g.chr2:25470028CTGGGGGGA>C,NS & NS,SPLICE_SITE_REGION & INTRON,NS,0.0183324519654504
2e09d82c,C1D1,DNMT3A,g.chr2:25463507AC>A,NS,INTRON,NS,0.0191518467852257
81e7c8da,C1D1,TET2,g.chr4:106162587GT>G,NS,INTRON,NS,0.144927536231884
43a92690,SCREENING,TET2,g.chr4:106164085G>GT,NS,INTRON,NS,0.0108611326609775
5334005b,SCREENING,TET2,g.chr4:106164085G>GT,NS,INTRON,NS,0.0233868695407157
613a1df4,C1D1,DNMT3A,g.chr2:25467205CACCTGGAAGG>C,NS & NS & NS & NS,SPLICE_SITE_ACCEPTOR & SPLICE_SITE_REGION & SPLICE_SITE_REGION & INTRON,NS,0.0102201257861635
2a72cb68,C1D1,TET2,g.chr4:106180922AAGAGGTTTGTTTACTTCCTGAT>A,NS & NS & NS,SPLICE_SITE_DONOR & SPLICE_SITE_REGION & INTRON,NS,0.0152749490835031
2a72cb68,C1D1,TET2,g.chr4:106180922AAGAGGTTTGTTTACTTCCTGAT>A,KE1317,FRAME_SHIFT,NS,0.0152749490835031
b5f5fb45,C1D1,TET2,g.chr4:106157403TC>T,Q769,FRAME_SHIFT,NS,0.0112540192926045
7e97d93f,C1D1,DNMT3A,g.chr2:25463183CGA>C,S581,FRAME_SHIFT,NS,0.0162337662337662
13bc012e,C1D1,DNMT3A,g.chr2:25463266G>GC,R553R?,FRAME_SHIFT,NS,0.0813333333333333
1e375885,C1D1,DNMT3A,g.chr2:25463242AG>A,P561,FRAME_SHIFT,NS,0.0458135860979463
8ba34e63,C1D1,DNMT3A,g.chr2:25469974CT>C,Q167,FRAME_SHIFT,NS,0.0108695652173913
b197decc,C1D1,TET2,g.chr4:106158502T>TACAC,C1135YT?,FRAME_SHIFT,NS,0.0109103307193999
dc197ead,C1D1,TET2,g.chr4:106157400TGATCAGCAAA>T,DQQR768,FRAME_SHIFT,NS,0.0362021857923497
613a1df4,C1D1,DNMT3A,g.chr2:25467205CACCTGGAAGG>C,RC556,FRAME_SHIFT,NS,0.0102201257861635
ae89ecd7,C1D1,TET2,g.chr4:106157734CT>C,L879,FRAME_SHIFT,NS,0.0301520713162035
70dbb6dd,C1D1,TET2,g.chr4:106164790AC>A,T1220,FRAME_SHIFT,NS,0.0205066344993969
191886a1,C1D1,DNMT3A,g.chr2:25470529CA>C,M126,FRAME_SHIFT,NS,0.412434325744308
3f83bd1a,SCREENING,DNMT3A,g.chr2:25468165AG>A,L315,FRAME_SHIFT,NS,0.120527306967985
e29286b8,SCREENING,DNMT3A,g.chr2:25462073CA>C,V589,FRAME_SHIFT,NS,0.202540336422932
a2d17e18,SCREENING,DNMT3A,g.chr2:25463296C>CA,F543F?,FRAME_SHIFT,NS,0.0809160305343511
e6536acb,SCREENING,DNMT3A,g.chr2:25470497CG>C,R137,FRAME_SHIFT,NS,0.0264227642276423
85a9f0b2,SCREENING,DNMT3A,g.chr2:25466784AAG>A,LF450,FRAME_SHIFT,NS,0.0213592233009709
1ab98fdf,SCREENING,TET2,g.chr4:106156216CAAAAT>C,QN373,FRAME_SHIFT,NS,0.0176717472940137
3ab4d30b,SCREENING,DNMT3A,g.chr2:25457285A>AT,V678V?,FRAME_SHIFT,NS,0.0607407407407407
7ea923a5,SCREENING,TET2,g.chr4:106196623G>GTC,S1653S?,FRAME_SHIFT,NS,0.0585051009785551
d577f912,SCREENING,DNMT3A,g.chr2:25469536AG>A,L222,FRAME_SHIFT,NS,0.151533373421527
889ba81e,SCREENING,TET2,g.chr4:106155618GC>G,P174,FRAME_SHIFT,NS,0.0171654929577465
54ab9a39,SCREENING,TET2,g.chr4:106158120T>TA,K1008K?,FRAME_SHIFT,NS,0.0240722166499498
2e3d8c68,SCREENING,TET2,g.chr4:106196730G>GT,S1688S?,FRAME_SHIFT,NS,0.0264059665390042
2e3d8c68,SCREENING,TET2,g.chr4:106197038T>TC,S1791S?,FRAME_SHIFT,NS,0.0104166666666667
6f07258c,SCREENING,DNMT3A,g.chr2:25467092G>GC,L405L?,FRAME_SHIFT,NS,0.167149059334298
f67d656a,SCREENING,TET2,g.chr4:106196511T>TG,M1615M?,FRAME_SHIFT,NS,0.0142300194931774
1a917012,SCREENING,DNMT3A,g.chr2:25468135CA>C,C325,FRAME_SHIFT,NS,0.012514220705347
eb4a457a,SCREENING,DNMT3A,g.chr2:25469606G>GGCACACCGGGAACA,C198CCSRC?,FRAME_SHIFT,NS,0.0122982321291314
eb4a457a,SCREENING,TET2,g.chr4:106196981AT>A,M1772,FRAME_SHIFT,NS,0.0370237239396118
e3d38206,SCREENING,DNMT3A,g.chr2:25470028CTGGGGGGA>C,NS,SPLICE_SITE_ACCEPTOR,NS,0.0183324519654504
68ca1889,SCREENING,DNMT3A,g.chr2:25466829GGT>G,PP435,FRAME_SHIFT,NS,0.0228408279800143
07a0694b,SCREENING,DNMT3A,g.chr2:25458634GC>G,Q657,FRAME_SHIFT,NS,0.0188139059304703
7706905e,SCREENING,DNMT3A,g.chr2:25467134AGGGG>A,DP390,FRAME_SHIFT,NS,0.0268233875828813
e1aa59b7,SCREENING,TET2,g.chr4:106158170TCATTGAGACCATGGAGCAG>T,IIETMEQ1024,FRAME_SHIFT,NS,0.235673930589185
2a505d2a,SCREENING,DNMT3A,g.chr2:25470538A>AGACACAAT,S123SLC?,FRAME_SHIFT,NS,0.0313588850174216
5618c008,SCREENING,TET2,g.chr4:106157019AG>A,G641,FRAME_SHIFT,NS,0.0155153306243074
7266a308,SCREENING,TET2,g.chr4:106164911AT>A,N1260,FRAME_SHIFT,NS,0.0188415910676902
e9935722,SCREENING,TET2,g.chr4:106156599G>GTGTTC,C501CS?,FRAME_SHIFT,NS,0.0100755667506297
dd015a87,SCREENING,TET2,g.chr4:106193859AGT>A,S1441,FRAME_SHIFT,NS,0.0628352490421456
3d91d511,SCREENING,TET2,g.chr4:106155161C>CACCTCCCATTTGCCAG,S21SPPICQ?,FRAME_SHIFT,NS,0.109779667568612
5334005b,SCREENING,DNMT3A,g.chr2:25463514AG>A,L534,FRAME_SHIFT,NS,0.0140636565507032
5334005b,SCREENING,TET2,g.chr4:106164085G>GT,NS,SPLICE_SITE_DONOR,NS,0.0233868695407157
911a8928,SCREENING,DNMT3A,g.chr2:25469120AG>A,A257,FRAME_SHIFT,NS,0.0231316725978648
911a8928,SCREENING,DNMT3A,g.chr2:25470472GC>G,G145,FRAME_SHIFT,NS,0.0454065469904963
9559c20f,C1D1,DNMT3A,g.chr2:25467148ATGGC>A,AI386,FRAME_SHIFT,NS,0.0149911816578483
9eb99c86,C1D1,DNMT3A,g.chr2:25459849TA>T,D622,FRAME_SHIFT,NS,0.0176125244618395
489908cb,C1D1,DNMT3A,g.chr2:25463296C>CA,F543F?,FRAME_SHIFT,NS,0.0451680672268908
14f6e2d9,C1D1,DNMT3A,g.chr2:25471031GGCTGGCCTCCTCC>G,VEEAS50,FRAME_SHIFT,NS,0.0206746463547334
21f2758a,C1D1,DNMT3A,g.chr2:25469044CAATAATCTCCTTG>C,VKEII278,FRAME_SHIFT,NS,0.018979057591623
0321de04,C1D1,DNMT3A,g.chr2:25469536AG>A,L222,FRAME_SHIFT,NS,0.0122448979591837
a4bd481a,C1D1,DNMT3A,g.chr2:25469616G>GA,F195F?,FRAME_SHIFT,NS,0.0128354725787631
41f436a7,C1D1,DNMT3A,g.chr2:25469929CT>C,E182,FRAME_SHIFT,NS,0.0119695321001088
c0d07e50,C1D1,DNMT3A,g.chr2:25463195CTT>C,K577,FRAME_SHIFT,NS,0.0265232974910394
e033074a,C1D1,DNMT3A,g.chr2:25458607C>CT,K666K?,FRAME_SHIFT,NS,0.0509783728115345
eb383cd9,C1D1,TET2,g.chr4:106156081GT>G,V328,FRAME_SHIFT,NS,0.0197427460364942
81dd1c78,C1D1,DNMT3A,g.chr2:25469157TCTTTGTAG>T,PYKE242,FRAME_SHIFT,NS,0.0146310432569975
7e2d33a7,C1D1,DNMT3A,g.chr2:25469562CT>C,Q213,FRAME_SHIFT,NS,0.0142146410803127
8682f83c,C1D1,DNMT3A,g.chr2:25497945GC>G,G168,FRAME_SHIFT,NS,0.0155189136760427
d2bab9b2,C1D1,DNMT3A,g.chr2:25463190TC>T,D579,FRAME_SHIFT,NS,0.0166512488436633
4e62ab06,C1D1,DNMT3A,g.chr2:25469115TA>T,Y259,FRAME_SHIFT,NS,0.0173285198555957
c5c1adf1,C1D1,DNMT3A,g.chr2:25469585TG>T,D205,FRAME_SHIFT,NS,0.0576701268742791
4193b463,C1D1,TET2,g.chr4:106157784T>TC,L896P?,FRAME_SHIFT,NS,0.0202124902824566
8acf67c6,C1D1,DNMT3A,g.chr2:25458655TG>T,S650,FRAME_SHIFT,NS,0.034526051475204
1ccc29f9,C1D1,DNMT3A,g.chr2:25464448TG>T,R499,FRAME_SHIFT,NS,0.043424317617866
1ccc29f9,C1D1,DNMT3A,g.chr2:25469624TCC>T,G192,FRAME_SHIFT,NS,0.0411826821541711
1ccc29f9,C1D1,TET2,g.chr4:106197168AG>A,Q1834,FRAME_SHIFT,NS,0.0280484204310599
510488f2,C1D1,DNMT3A,g.chr2:25467060GA>G,L416,FRAME_SHIFT,NS,0.0227125243348475
b6b57172,C1D1,DNMT3A,g.chr2:25458638GTC>G,D656,FRAME_SHIFT,NS,0.172993492407809
b6b57172,C1D1,DNMT3A,g.chr2:25470543CA>C,I121,FRAME_SHIFT,NS,0.143162393162393
fb7dd079,C1D1,DNMT3A,g.chr2:25470597CA>C,I103,FRAME_SHIFT,NS,0.0224948875255624
001c7534,C1D1,DNMT3A,g.chr2:25458592A>AC,W671W?,FRAME_SHIFT,NS,0.0342240975152368
55510c4a,C1D1,DNMT3A,g.chr2:25469592C>CT,E203E?,FRAME_SHIFT,NS,0.0109990834097159
8433bd2f,C1D1,DNMT3A,g.chr2:25467168CG>C,P380,FRAME_SHIFT,NS,0.0487804878048781
8433bd2f,C1D1,TET2,g.chr4:106156091T>TA,I331I?,FRAME_SHIFT,NS,0.012448132780083
d5928294,C1D1,DNMT3A,g.chr2:25470992T>TG,P67P?,FRAME_SHIFT,NS,0.0179738562091503
1784e4e9,C1D1,TET2,g.chr4:106197333C>CCAATAGGAAT,P1889PNRN?,FRAME_SHIFT,NS,0.0198945349952061
2e09d82c,C1D1,DNMT3A,g.chr2:25463507AC>A,NS,SPLICE_SITE_DONOR,NS,0.0191518467852257
5fccad2f,C1D1,TET2,g.chr4:106162541G>GT,G1152G?,FRAME_SHIFT,NS,0.0998190591073583
e7d040e3,C1D1,DNMT3A,g.chr2:25457180CG>C,F713,FRAME_SHIFT,NS,0.0564102564102564
ec26d78b,C1D1,DNMT3A,g.chr2:25464467C>CT,M493I?,FRAME_SHIFT,NS,0.0764119601328904
6d5e8df7,C1D1,TET2,g.chr4:106155714G>GCTAATGCCTAATGGTGCTACAGTTC,L206LMPNGATVP?,FRAME_SHIFT,NS,0.0330599692465402
a6b192c4,C1D1,DNMT3A,g.chr2:25469125CCTCAGGTTCCACCCACATGT>C,DMWVEPE249,FRAME_SHIFT,NS,0.0289351851851852
e6f48171,C1D1,DNMT3A,g.chr2:25505353GC>G,G135,FRAME_SHIFT,NS,0.0806845965770171
4ebfdf47,C1D1,DNMT3A,g.chr2:25467163GCC>G,GA381,FRAME_SHIFT,NS,0.0163265306122449
e8f491dc,C1D1,DNMT3A,g.chr2:25467133CA>C,W392,FRAME_SHIFT,NS,0.0398359695371998
44a6341d,C1D1,DNMT3A,g.chr2:25467151GCTGCCTGGGCAGCC>G,GAAQAA381,FRAME_SHIFT,NS,0.0341463414634146
4f3fd6cf,C1D1,TET2,g.chr4:106156152A>AT,F352F?,FRAME_SHIFT,NS,0.447742579196807
4f3fd6cf,C1D1,TET2,g.chr4:106196886T>TA,L1740L?,FRAME_SHIFT,NS,0.415520628683693
100c8b4a,C1D1,DNMT3A,g.chr2:25463589CA>C,W509,FRAME_SHIFT,NS,0.0130548302872063
1d27b453,C1D1,TET2,g.chr4:106162501AT>A,I1139,FRAME_SHIFT,NS,0.0123825789923143
d67b67f6,C1D1,TET2,g.chr4:106157149C>CAACAAAGAGCAGATTCCCAAACTGAA,Q684QQRADSQTE?,FRAME_SHIFT,NS,0.207932692307692
d67b67f6,C1D1,TET2,g.chr4:106157152C>CAACAAAGAGCAGATTCCCAAACTGAA,Q685QQRADSQTE?,FRAME_SHIFT,NS,0.0141206675224647
d67b67f6,C1D1,TET2,g.chr4:106157969TAC>T,LQ957,FRAME_SHIFT,NS,0.31717263253285
155be860,C1D1,TET2,g.chr4:106155857ACAGT>A,NS253,FRAME_SHIFT,NS,0.127245508982036
fc3dea73,C1D1,DNMT3A,g.chr2:25467475TG>T,Q345,FRAME_SHIFT,NS,0.0492700729927007
cfcef24d,C1D1,TET2,g.chr4:106196207CT>C,L1514,FRAME_SHIFT,NS,0.032258064516129
61c9fe49,C1D1,TET2,g.chr4:106197294CAAAGCGTGAGCTGCATGCCACAACCCCTTTA>C,AKRELHATTPL1876,FRAME_SHIFT,NS,0.0148066904304908
1d2d4bf5,C1D1,TET2,g.chr4:106157182AT>A,M695,FRAME_SHIFT,NS,0.022490863086871
2f48dc92,C1D1,DNMT3A,g.chr2:25471068CTGGTT>C,NQ41,FRAME_SHIFT,NS,0.0419207317073171
8edc1e90,C1D1,TET2,g.chr4:106197606CAG>C,TD1980,FRAME_SHIFT,NS,0.0142146410803127
e84a3ae9,C1D1,TET2,g.chr4:106180829CT>C,S1286,FRAME_SHIFT,NS,0.0300404390525708
966dc89c,C1D1,DNMT3A,g.chr2:25457228TC>T,Q697,FRAME_SHIFT,NS,0.0238331678252234
14555471,C1D1,TET2,g.chr4:106156544AT>A,N482,FRAME_SHIFT,NS,0.042686962276638
a6532b7a,C1D1,DNMT3A,g.chr2:25467182G>GA,D375D?,FRAME_SHIFT,NS,0.0217076700434153
ec27ebab,C1D1,TET2,g.chr4:106193732CACTAG>C,TR1399,FRAME_SHIFT,NS,0.0137404580152672
db32bbbb,C1D1,TET2,g.chr4:106162564A>AT,I1160I?,FRAME_SHIFT,NS,0.378208354302969
b74796b3,C1D1,TET2,g.chr4:106155202C>CA,Q35Q?,FRAME_SHIFT,NS,0.020641194554238
b74796b3,SCREENING,TET2,g.chr4:106155202C>CA,Q35Q?,FRAME_SHIFT,NS,0.0172881355932203
e5bc71b1,C1D1,DNMT3A,g.chr2:25471061CG>C,P44,FRAME_SHIFT,NS,0.0157575757575758
4d4618d1,C1D1,DNMT3A,g.chr2:25458636TG>T,Q657,FRAME_SHIFT,NS,0.0331588132635253
47acbe23,C1D1,DNMT3A,g.chr2:25467146TAATGGCTGCCTGGGCAGCC>T,GAAQAAI381,FRAME_SHIFT,NS,0.0138888888888889
4e09d5e6,C1D1,DNMT3A,g.chr2:25457166CT>C,E718,FRAME_SHIFT,NS,0.0421940928270042
4e09d5e6,C1D1,DNMT3A,g.chr2:25458623GACAGGAA>G,FPV659,FRAME_SHIFT,NS,0.0119318181818182
bc1a4021,C1D1,TET2,g.chr4:106164085G>GT,NS,SPLICE_SITE_DONOR,NS,0.0223735408560311
87bff8de,C1D1,DNMT3A,g.chr2:25467433A>AT,M359N?,FRAME_SHIFT,NS,0.0109204368174727
dafa9ead,C1D1,TET2,g.chr4:106196457T>TG,F1597L?,FRAME_SHIFT,NS,0.09819021948402
12b8dfb1,C1D1,DNMT3A,g.chr2:25458636TG>T,Q657,FRAME_SHIFT,NS,0.175012394645513
cbc8aeb6,C1D1,DNMT3A,g.chr2:25467157TGGGCAGC>T,AAQ382,FRAME_SHIFT,NS,0.0217669654289373
f1ef8192,C1D1,TET2,g.chr4:106156250GCTCA>G,SS384,FRAME_SHIFT,NS,0.083356033778262
9a13ff19,C1D1,DNMT3A,g.chr2:25463207GC>G,G573,FRAME_SHIFT,NS,0.0109780439121756
4421dc7d,C1D1,TET2,g.chr4:106196713GT>G,F1683,FRAME_SHIFT,NS,0.368800390911312
f1d2e12a,C1D1,TET2,g.chr4:106197367CTT>C,F1901,FRAME_SHIFT,NS,0.018700025793139
91d22c81,C1D1,DNMT3A,g.chr2:25466788GAGACAGC>G,VLS447,FRAME_SHIFT,NS,0.280851063829787
bbacde5d,C1D1,TET2,g.chr4:106193939GA>G,K1468,FRAME_SHIFT,NS,0.0226130653266332
2e48aff7,C1D1,DNMT3A,g.chr2:25469572AC>A,V210,FRAME_SHIFT,NS,0.0151380231522707
1678d9f3,C1D1,DNMT3A,g.chr2:25463554AG>A,P520,FRAME_SHIFT,NS,0.015139116202946
855d927f,SCREENING,DNMT3A,g.chr2:25468898TC>T,R299,FRAME_SHIFT,NS,0.020694259012016
14b2f492,C1D1,DNMT3A,g.chr2:25457252T>TG,S689S?,FRAME_SHIFT,NS,0.0239234449760766
14b2f492,C1D1,DNMT3A,g.chr2:25462014AG>A,L609,FRAME_SHIFT,NS,0.106851037083595
9c001f56,C1D1,DNMT3A,g.chr2:25464520CCTCCGAGGCAATGTAGCGG>C,DRYIASE469,FRAME_SHIFT,NS,0.0150075037518759
59a7ead3,C1D1,DNMT3A,g.chr2:25468152GA>G,L319,FRAME_SHIFT,NS,0.0294637595757219
cdfa05a4,C1D1,DNMT3A,g.chr2:25457217GC>G,G701,FRAME_SHIFT,NS,0.0273311897106109
8032a4af,C1D1,DNMT3A,g.chr2:25469990CAA>C,FC161,FRAME_SHIFT,NS,0.036094674556213
4de8a4b8,C1D1,DNMT3A,g.chr2:25458684A>ACTTTGCTG,V641AAK?,FRAME_SHIFT,NS,0.015634395670475
f12bc747,C1D1,DNMT3A,g.chr2:25466780AT>A,D452,FRAME_SHIFT,NS,0.0107115531752104
577182a7,C1D1,DNMT3A,g.chr2:25468138AT>A,M324,FRAME_SHIFT,NS,0.0239943542695836
9fe8989e,C1D1,TET2,g.chr4:106155467G>GT,R123R?,FRAME_SHIFT,NS,0.0132211538461538
9fe8989e,C1D1,TET2,g.chr4:106155748T>TC,S217S?,FRAME_SHIFT,NS,0.0788549824466649
334d9f4f,C1D1,TET2,g.chr4:106156697T>TGAGATGTC,M533MRC?,FRAME_SHIFT,NS,0.011600237953599
b802d2ab,C1D1,TET2,g.chr4:106155867TA>T,T257,FRAME_SHIFT,NS,0.269716531013191
81e7c8da,C1D1,TET2,g.chr4:106162587GT>G,NS,SPLICE_SITE_DONOR,NS,0.144927536231884
d4a07444,C1D1,TET2,g.chr4:106155919AT>A,I274,FRAME_SHIFT,NS,0.0222608695652174
48dd1e80,C1D1,TET2,g.chr4:106164936GT>G,NS,SPLICE_SITE_DONOR,NS,0.0166865315852205
59a7ead3,C1D1,TET2,g.chr4:106157384A>AC,H762H?,FRAME_SHIFT,NS,0.177726926010679
ef9a62bc,C1D1,TET2,g.chr4:106193801CAA>C,K1422,FRAME_SHIFT,NS,0.0190362879238548
10373d42,C1D1,TET2,g.chr4:106180926GGTTT>G,NS,SPLICE_SITE_DONOR,NS,0.0106716886377903
6e62ec09,C1D1,DNMT3A,g.chr2:25463242AG>A,P561,FRAME_SHIFT,NS,0.0275779376498801
e87e8f1b,C1D1,DNMT3A,g.chr2:25470475G>GTC,D144E?,FRAME_SHIFT,NS,0.0266844563042028
b80f335a,C1D1,DNMT3A,g.chr2:25466782CAA>C,F451,FRAME_SHIFT,NS,0.0246179966044143
b2452bef,SCREENING,DNMT3A,g.chr2:25470955GC>G,A80,FRAME_SHIFT,NS,0.0263852242744063
46e0db83,SCREENING,DNMT3A,g.chr2:25466835TA>T,Y434,FRAME_SHIFT,NS,0.0312989045383412
85306e00,SCREENING,TET2,g.chr4:106155656AG>A,E186,FRAME_SHIFT,NS,0.0399564111877951
46e0db83,SCREENING,TET2,g.chr4:106196634TGGATCTGTATA>T,MDLYR1656,FRAME_SHIFT,NS,0.0464303544682976
10f059c2,SCREENING,TET2,g.chr4:106156745C>CTT,T549T?,FRAME_SHIFT,NS,0.0121006776379477
f1821b10,SCREENING,TET2,g.chr4:106164823CT>C,L1231,FRAME_SHIFT,NS,0.0310679611650485
7fedcd24,SCREENING,DNMT3A,g.chr2:25463242AG>A,P561,FRAME_SHIFT,NS,0.0308370044052863
a6cd1aa6,SCREENING,TET2,g.chr4:106157511G>GGGACTGGAGGTTT,G805GLEVW?,FRAME_SHIFT,NS,0.0119096509240246
70a0f7c2,SCREENING,DNMT3A,g.chr2:25467504A>ACACT,C335*V?,FRAME_SHIFT+STOP_GAINED,NS,0.0116229014205768
6effee8e,SCREENING,TET2,g.chr4:106157529GA>G,N811,FRAME_SHIFT,NS,0.0230654761904762
34244734,SCREENING,TET2,g.chr4:106157640GACTAC>G,TT848,FRAME_SHIFT,NS,0.0176864244741874
5300e701,SCREENING,DNMT3A,g.chr2:25467429GCACATGAGCACCTC>G,EVLMC356,FRAME_SHIFT,NS,0.0143163922691482
dc40a2b5,SCREENING,DNMT3A,g.chr2:25471057TC>T,E46,FRAME_SHIFT,NS,0.0211693548387097
683af1f9,SCREENING,DNMT3A,g.chr2:25463263TG>T,P554,FRAME_SHIFT,NS,0.0170261066969353
963839e7,SCREENING,DNMT3A,g.chr2:25463266G>GA,R553R?,FRAME_SHIFT,NS,0.0882051282051282
963839e7,SCREENING,DNMT3A,g.chr2:25467143CCTTAATGGCTG>C,AAIK385,FRAME_SHIFT,NS,0.0463724756918474
9f9d5222,SCREENING,TET2,g.chr4:106156032AAATACCTGTTCCTTTCAGAAACC>A,NTCSFQKP312,FRAME_SHIFT,NS,0.0652003142183818
0b962034,C1D1,DNMT3A,g.chr2:25471052G>GA,S47S?,FRAME_SHIFT,NS,0.213584905660377
194ab883,C1D1,DNMT3A,g.chr2:25468152GAGGGGGTGTTCCAGGGT>G,TLEHPL314,FRAME_SHIFT,NS,0.0277349768875193
c73c20aa,C1D1,DNMT3A,g.chr2:25463298AAGAAGAGCCGGCC>A,GRLFF539,FRAME_SHIFT,NS,0.0218068535825545
9fb6d6df,C1D1,DNMT3A,g.chr2:25470001CA>C,L158,FRAME_SHIFT,NS,0.0262333594361785
e5aeb6be,C1D1,TET2,g.chr4:106197283C>CA,I1873N?,FRAME_SHIFT,NS,0.0171627782247251
43a92690,SCREENING,TET2,g.chr4:106164085G>GT,NS,SPLICE_SITE_DONOR,NS,0.0108611326609775
c2d17cec,SCREENING,TET2,g.chr4:106196519T>TA,Y1618*?,FRAME_SHIFT+STOP_GAINED,NS,0.0187481972887222
c7b32d9f,SCREENING,TET2,g.chr4:106156826A>AT,E576D?,FRAME_SHIFT,NS,0.0451556334940815
c7b32d9f,SCREENING,TET2,g.chr4:106194058AG>A,Q1507,FRAME_SHIFT,NS,0.0562659846547315
c06b0b34,SCREENING,DNMT3A,g.chr2:25469959CT>C,K172,FRAME_SHIFT,NS,0.091069330199765
350ade0d,SCREENING,DNMT3A,g.chr2:25471039TC>T,E52,FRAME_SHIFT,NS,0.0370656370656371
f967513b,SCREENING,DNMT3A,g.chr2:25467478TA>T,Y344,FRAME_SHIFT,NS,0.0347533632286996
e5de2d24,SCREENING,DNMT3A,g.chr2:25463240GAA>G,F562,FRAME_SHIFT,NS,0.0106044538706257
25a7a9b4,SCREENING,DNMT3A,g.chr2:25462070C>CAA,M590I?,FRAME_SHIFT,NS,0.0132042253521127
282702eb,C1D1,DNMT3A,g.chr2:25467023CAA>C,F428,FRAME_SHIFT,NS,0.0264550264550265
f3cb6759,C1D1,TET2,g.chr4:106157384A>AC,H762H?,FRAME_SHIFT,NS,0.0128633907898122
c190144e,C1D1,TET2,g.chr4:106164022G>GA,E1178E?,FRAME_SHIFT,NS,0.0251355347461804
d6eb000d,C1D1,TET2,g.chr4:106196511T>TGAACC,M1615MN?,FRAME_SHIFT,NS,0.0575090371344068
6eadaa22,C1D1,DNMT3A,g.chr2:25463173CGA>C,L584,FRAME_SHIFT,NS,0.106002554278416
e88a141a,C1D1,DNMT3A,g.chr2:25457210AT>A,S703,FRAME_SHIFT,NS,0.368608799048751
2ad8782d,C1D1,DNMT3A,g.chr2:25463207G>GC,G573G?,FRAME_SHIFT,NS,0.238366571699905
d01ca8f8,C1D1,DNMT3A,g.chr2:25471035GGCCTCCT>G,EEA51,FRAME_SHIFT,NS,0.0266798418972332
5a015658,C1D1,DNMT3A,g.chr2:25469918AC>A,NS,SPLICE_SITE_DONOR,NS,0.235783633841886
d0fc8592,SCREENING,TET2,g.chr4:106156487CT>C,P463,FRAME_SHIFT,NS,0.0102351313969571
63f9c61f,C1D1,DNMT3A,g.chr2:25244269GT>G,D579,FRAME_SHIFT,NA,0.0274725274725275
63f9c61f,C1D1,TET2,g.chr4:105234763TC>T,I295,FRAME_SHIFT,NA,0.0026320407088963
345919b4,C1D1,ASXL1,g.chr20:32434638A>AG,G640G?,FRAME_SHIFT,NA,0.00662927078021418
92af74ca,C1D1,DNMT3A,g.chr2:25241572G>GT,T691N?,FRAME_SHIFT,NA,0.0347490347490347
b2cd6b1a,C1D1,TET2,g.chr4:105234763TC>T,I295,FRAME_SHIFT,NA,0.00185751748251748
b2cd6b1a,C1D1,ASXL1,g.chr20:32434599TCACCACTGCCATAGAGAGGCGGC>T,REAATTAI629,FRAME_SHIFT,NA,0.0233894132129668
5f02b661,C1D1,DNMT3A,g.chr2:25236999CAACGGCCT>C,RPL803R,SPLICE_SITE_ACCEPTOR+SPLICE_SITE_REGION+CODON_DELETION+INTRON,NA,0.0272695892302382
17612f90,C1D1,PPM1D,g.chr17:60663178CT>C,L482,FRAME_SHIFT,NA,0.0838043094312964
79cdaa34,C1D1,DNMT3A,g.chr2:25246642AG>A,P419,FRAME_SHIFT,NA,0.0349514563106796
e4708d6d,C1D1,TET2,g.chr4:105272575C>CA,T1420N?,FRAME_SHIFT,NA,0.0211793387170501
5d19b4c2,C1D1,TET2,g.chr4:105236024T>TA,M716N?,FRAME_SHIFT,NA,0.0116650825196578
05b10329,C1D1,TET2,g.chr4:105261815TAA>TRUE,K1359,FRAME_SHIFT,NA,0.0849735957753241
8a6ea6f5,C1D1,DNMT3A,g.chr2:25239212TG>T,S775,FRAME_SHIFT+SPLICE_SITE_REGION,NA,0.0363636363636364
759feb80,C1D1,TET2,g.chr4:105236970GA>G,E1031,FRAME_SHIFT,NA,0.0444710101613867
37de4401,C1D1,TET2,g.chr4:105234935AT>A,C353,FRAME_SHIFT,NA,0.027242837012682
21390f54,C1D1,PPM1D,g.chr17:60663197ATTCTT>A,SL489,FRAME_SHIFT,NA,0.0518766435572556
87a0b857,C1D1,ASXL1,g.chr20:32433767GAGGAAATCCTTTGAGC>G,KSFEQA520,FRAME_SHIFT,NA,0.0639558368116332
6cf1ae5f,C1D1,DNMT3A,g.chr2:25282518GTCTCAGCTGCACCC>G,EGAAET119,FRAME_SHIFT,NA,0.0138826690550828
dd20674b,SCREENING,PPM1D,g.chr17:60656803G>GTA,V408V?,FRAME_SHIFT,NA,0.0102930190088819
f317df97,SCREENING,TET2,g.chr4:105261767AC>A,L1322,FRAME_SHIFT,NA,0.0116682434563229
3b361cf7,SCREENING,DNMT3A,g.chr2:25246620CT>C,E426,FRAME_SHIFT+SPLICE_SITE_REGION,NA,0.012807881773399
3b361cf7,SCREENING,PPM1D,g.chr17:60663382CA>C,H550,FRAME_SHIFT,NA,0.0524465279812482
251c34b6,SCREENING,ASXL1,g.chr20:32435534C>CT,G937W?,FRAME_SHIFT,NA,0.0106898517673888
3f98fcfc,C1D1,TET2,g.chr4:105234763TC>T,I295,FRAME_SHIFT,NA,0.00109950522264981
e65c0ca3,C1D1,TET2,g.chr4:105234723TC>T,S282,FRAME_SHIFT,NA,0.000871991628880363
85bff16f,C1D1,PPM1D,g.chr17:60663319AC>A,P530,FRAME_SHIFT,NA,0.0106977875030391
2ed7cbbb,C1D1,DNMT3A,g.chr2:25247733C>CCATG,G291AW?,FRAME_SHIFT,NA,0.0309867629362214
4c4d729c,C1D1,TET2,g.chr4:105237044G>GT,H1057S?,FRAME_SHIFT,NA,0.0436065573770492
4c4d729c,C1D1,TET2,g.chr4:105259624CT>C,C1271,FRAME_SHIFT,NA,0.34343556794763
4c4d729c,C1D1,TET2,g.chr4:105272569CACTCTCACTAG>C,TLTR1418,FRAME_SHIFT,NA,0.0190586868099942
4c4d729c,C1D1,ASXL1,g.chr20:32434923TG>T,G733,FRAME_SHIFT,NA,0.0108541430192963
cf00f119,C1D1,DNMT3A,g.chr2:25244645AAG>A,CF520,FRAME_SHIFT,NA,0.0362632442918967
f6a588e5,C1D1,DNMT3A,g.chr2:25247106TG>T,Q356,FRAME_SHIFT,NA,0.0616864078808491
9662f4c9,C1D1,PPM1D,g.chr17:60663277ATGTCAACTCC>A,STPG516,FRAME_SHIFT,NA,0.0156391472549181
0910d204,C1D1,ASXL1,g.chr20:32436510T>TA,T1262N?,FRAME_SHIFT,NA,0.0145844315586013
92eca015,C1D1,ASXL1,g.chr20:32435090CCACTTCCT>C,TTSW788,FRAME_SHIFT,NA,0.0901445155176498
e6a93ddb,C1D1,TET2,g.chr4:105234763TC>TRUE,I295,FRAME_SHIFT,NA,0.00723803257114657
55696063,C1D1,DNMT3A,g.chr2:25248209TC>T,E228,FRAME_SHIFT,NA,0.0800408719346049
426076fa,C1D1,ASXL1,g.chr20:32434629TGCCATCGGAGG>T,AIGG635,FRAME_SHIFT,NA,0.170047732696897
6bad0c04,C1D1,DNMT3A,g.chr2:25247103GC>G,A357,FRAME_SHIFT,NA,0.0108695652173913
997ce364,C1D1,TET2,g.chr4:105234713TAATGA>T,NE279,FRAME_SHIFT,NA,0.0716022099447514
682a51b1,C1D1,DNMT3A,g.chr2:25240358C>CA,F755F?,FRAME_SHIFT,NA,0.0156965336821452
909ccfa8,C1D1,TET2,g.chr4:105236108GC>G,P744,FRAME_SHIFT,NA,0.0172413793103448
4ea657f4,C1D1,DNMT3A,g.chr2:25240658C>CA,P718P?,FRAME_SHIFT,NA,0.0349230191513331
668cccbb,C1D1,TET2,g.chr4:105243703AACTCT>A,YS1266,FRAME_SHIFT,NA,0.07296
4f250079,C1D1,DNMT3A,g.chr2:25247700CCCCGCAGTTT>C,KLRG299,FRAME_SHIFT,NA,0.0361702127659574
d72a4a58,C1D1,ASXL1,g.chr20:32433687T>TTGGC,A493AG?,FRAME_SHIFT,NA,0.0147420147420147
e751eeb7,C1D1,TET2,g.chr4:105235489C>CA,P538T?,FRAME_SHIFT,NA,0.0117004680187207
9270b1bf,C1D1,DNMT3A,g.chr2:25244207T>TA,D600V?,FRAME_SHIFT,NA,0.0243465807375582
1e9ae7ea,C1D1,TET2,g.chr4:105236086ACT>A,S737,FRAME_SHIFT,NA,0.0312314098750744
adc6abf8,C1D1,DNMT3A,g.chr2:25241600TG>T,I681,FRAME_SHIFT,NA,0.0134770889487871
306ccf6c,C1D1,TET2,g.chr4:105272688A>AG,E1458G?,FRAME_SHIFT,NA,0.0246081935661259
64ca2bb8,C1D1,PPM1D,g.chr17:60663129CAT>C,I466,FRAME_SHIFT,NA,0.0675968246331489
87d4a975,C1D1,DNMT3A,g.chr2:25244273TC>T,E578,FRAME_SHIFT,NA,0.0132468996617813
12ec970d,C1D1,DNMT3A,g.chr2:25246636GCCCTTAGGGC>G,GPKG418,FRAME_SHIFT,NA,0.0115291262135922
04139a13,C1D1,TET2,g.chr4:105234763TC>T,I295,FRAME_SHIFT,NA,0.181773317979931
864604ce,C1D1,DNMT3A,g.chr2:25244286CCTGGGCA>C,AAQ571,FRAME_SHIFT,NA,0.0128486367909746
352f8bc8,C1D1,ASXL1,g.chr20:32435534CTG>C,PG936,FRAME_SHIFT,NA,0.010313755292585
4387974b,C1D1,TET2,g.chr4:105234763TC>T,I295,FRAME_SHIFT,NA,0.0075482247693598
f3a53ac2,C1D1,DNMT3A,g.chr2:25244157A>AT,E616E?,FRAME_SHIFT,NA,0.0170394036208733
a34a11ee,C1D1,TET2,g.chr4:105275966T>TA,S1841K?,FRAME_SHIFT,NA,0.170405774483028
80bf4348,C1D1,TET2,g.chr4:105259653AC>A,T1301,FRAME_SHIFT,NA,0.0103164645197268
80d42015,SCREENING,ASXL1,g.chr20:32435060C>CGGAA,D779EG?,FRAME_SHIFT,NA,0.0148625911385306
80d42015,SCREENING,ASXL1,g.chr20:32435695C>CA,H990Q?,FRAME_SHIFT,NA,0.0181463707258548
526fe6f4,SCREENING,PPM1D,g.chr17:60663254T>TA,V507V?,FRAME_SHIFT,NA,0.0231896429079528
113b46f8,SCREENING,TET2,g.chr4:105234763TC>T,I295,FRAME_SHIFT,NA,0.00140593047034765
064052bb,SCREENING,DNMT3A,g.chr2:25248129A>ATGCGGGGTCAGTGGGC,A254AAH*PR?,FRAME_SHIFT+STOP_GAINED,NA,0.0208333333333333
071c6e55,SCREENING,TET2,g.chr4:105236205GA>G,I777,FRAME_SHIFT,NA,0.0170068027210884
be9421d5,SCREENING,PPM1D,g.chr17:60663345AT>A,L538,FRAME_SHIFT,NA,0.0142757312568633
77782424,SCREENING,PPM1D,g.chr17:60663239A>AT,S503F?,FRAME_SHIFT,NA,0.0326391670004005
e65a4692,SCREENING,PPM1D,g.chr17:60663174AG>A,A481,FRAME_SHIFT,NA,0.0327838316103195
cda62395,SCREENING,PPM1D,g.chr17:60663113ATG>A,V461,FRAME_SHIFT,NA,0.163509206798867
cda62395,SCREENING,PPM1D,g.chr17:60663365G>GC,L546P?,FRAME_SHIFT,NA,0.0337326607818411
1bffc088,SCREENING,PPM1D,g.chr17:60663374TG>T,M547,FRAME_SHIFT,NA,0.0167438921651222
619f6f71,SCREENING,PPM1D,g.chr17:60663326CA>C,T532,FRAME_SHIFT,NA,0.0375985445724682
1bffc088,C1D1,PPM1D,g.chr17:60663374TG>T,M547,FRAME_SHIFT,NA,0.0268505973642074
b1a2e660,SCREENING,PPM1D,g.chr17:60656808GACTCCTTCCCCATGTTCTAC>G,TPSPCSTP410,FRAME_SHIFT,NA,0.0370564586610732
7768543e,SCREENING,TET2,g.chr4:105236625G>GT,L917S?,FRAME_SHIFT,NA,0.0153224090231964
50530b8f,SCREENING,TET2,g.chr4:105275374T>TTGAATCAGAATACCCAATATCCATCATATCAATGCAATGGAAACCTATCAGTGGACAAC,C1663*IRIPNIHHINAMETYQWTT?,FRAME_SHIFT+STOP_GAINED,NA,0.0113636363636364
7b427962,SCREENING,TET2,g.chr4:105272719ACT>A,L1468,FRAME_SHIFT,NA,0.0187438342650444
ad2f9406,SCREENING,TET2,g.chr4:105235203GA>G,E442,FRAME_SHIFT,NA,0.0261176093574748
810fba78,SCREENING,TET2,g.chr4:105236989GT>G,C1037,FRAME_SHIFT,NA,0.0585151006711409
3d2ba52e,C1D1,DNMT3A,g.chr2:25239154CA>C,W795,FRAME_SHIFT,NA,0.0107713690062543
122fa162,C1D1,ASXL1,g.chr20:32433615GCACCCGACCTGGA>GTC,APDLE468V?,FRAME_SHIFT+NON_SYNONYMOUS_CODING,NA,0.0104683195592286
7f478ff0,C1D1,DNMT3A,g.chr2:25240697CA>C,I705,FRAME_SHIFT,NA,0.014797507788162
a8afb6a4,C1D1,ASXL1,g.chr20:32435712T>TA,T996N?,FRAME_SHIFT,NA,0.0114424410540915
8d3a480e,C1D1,TET2,g.chr4:105234903CA>C,Q342,FRAME_SHIFT,NA,0.0446830620020783
328f2efb,C1D1,DNMT3A,g.chr2:25244625ACTGG>A,YQ526,FRAME_SHIFT,NA,0.0101972954998892
e7a1aa46,C1D1,TET2,g.chr4:105235394TG>T,V506,FRAME_SHIFT,NA,0.0820923656927427
d758d284,C1D1,TET2,g.chr4:105236419GT>G,S847,FRAME_SHIFT,NA,0.0106866757617099
ddf7d9bd,C1D1,DNMT3A,g.chr2:25244330CA>C,C559,FRAME_SHIFT,NA,0.171309192200557
913b3b01,C1D1,PPM1D,g.chr17:60663382CA>C,H550,FRAME_SHIFT,NA,0.0115451895043732
18df0237,C1D1,ASXL1,g.chr20:32435783CA>C,K1020,FRAME_SHIFT,NA,0.0584094368340944
fa25fc34,C1D1,ASXL1,g.chr20:32434735CCTGAG>C,PEP670,FRAME_SHIFT,NA,0.0163547462485247
